segment,users,total_revenue,avg_clv,median_recency,avg_frequency,avg_basket,revenue_share_pct,user_share_pct,revenue_per_user
Champions,3092,2163973.2,699.8619663648125,12.0,14.004851228978008,48.41936641448899,68.8,30.9,700.0
Loyal Customers,2698,669102.57,247.9994699777613,38.0,7.001853224610823,34.63148244597874,21.3,27.0,248.0
Potential Loyalists,2249,207663.05,92.33572698977322,53.0,2.9839928857269897,30.747013265154884,6.6,22.5,92.0
At Risk,142,18326.49,129.05978873239437,76.0,5.105633802816901,25.336194835680754,0.6,1.4,129.0
Lost Customers,1819,88155.1,48.46349642660803,140.0,1.9400769653655854,24.467724482316292,2.8,18.2,48.0
